City_ID,City,Country,Date,Lat,Lng,Max Temp,Humidity,Cloudiness,Wind Speed
0,Sitka,US,2022-04-21 20:51:55,57.0531,-135.33,48.09,61,20,4.61
1,Hilo,US,2022-04-21 20:48:44,19.7297,-155.09,91.27,69,75,5.99
2,Avarua,CK,2022-04-21 20:50:12,-21.2078,-159.775,78.85,61,40,12.66
3,Lebu,CL,2022-04-21 20:51:55,-37.6167,-73.65,55.11,98,100,7.83
4,Victoria,HK,2022-04-21 20:51:12,22.2855,114.1577,75.38,88,55,4.0
5,Naryan-Mar,RU,2022-04-21 20:51:56,67.6713,53.087,6.78,100,92,3.58
6,Jamestown,US,2022-04-21 20:47:48,42.097,-79.2353,57.02,74,100,16.11
7,Khatanga,RU,2022-04-21 20:51:56,71.9667,102.5,-4.76,100,86,6.4
8,Ponta Do Sol,PT,2022-04-21 20:51:56,32.6667,-17.1,63.72,68,59,10.36
9,Norman Wells,CA,2022-04-21 20:51:57,65.282,-126.8329,26.64,54,40,11.5
10,Mataura,NZ,2022-04-21 20:51:57,-46.1927,168.8643,48.47,94,99,7.76
11,Bluff,NZ,2022-04-21 20:51:57,-46.6,168.3333,48.79,60,100,17.07
12,Poronaysk,RU,2022-04-21 20:51:58,49.2167,143.1167,32.31,96,74,4.38
13,Miramar,US,2022-04-21 20:51:58,25.9873,-80.2323,82.0,63,75,18.41
14,Kaitangata,NZ,2022-04-21 20:51:58,-46.2817,169.8464,47.16,90,100,14.97
15,San Patricio,US,2022-04-21 20:51:59,28.017,-97.5169,86.09,55,28,19.8
16,Pangnirtung,CA,2022-04-21 20:51:59,66.1451,-65.7125,17.6,73,75,9.22
17,Hobart,AU,2022-04-21 20:47:05,-42.8794,147.3294,49.86,77,75,9.22
18,Ribeira Grande,PT,2022-04-21 20:51:59,38.5167,-28.7,57.6,62,40,11.5
19,Yulara,AU,2022-04-21 20:51:59,-25.2406,130.9889,60.64,41,5,10.36
20,Punta Arenas,CL,2022-04-21 20:51:57,-53.15,-70.9167,46.51,61,75,17.27
21,Yellowknife,CA,2022-04-21 20:49:54,62.456,-114.3525,32.56,47,20,9.22
22,Pisco,PE,2022-04-21 20:52:00,-13.7,-76.2167,73.45,68,0,24.16
23,Ushuaia,AR,2022-04-21 20:52:00,-54.8,-68.3,44.22,81,75,18.41
24,Ciechanow,PL,2022-04-21 20:52:01,52.8814,20.62,50.41,96,100,7.87
25,Glushkovo,RU,2022-04-21 20:52:01,51.3392,34.6328,42.19,80,100,6.67
26,Saint-Philippe,RE,2022-04-21 20:52:01,-21.3585,55.7679,75.22,88,83,11.05
27,Tiksi,RU,2022-04-21 20:52:01,71.6872,128.8694,9.05,96,100,4.5
28,Rikitea,PF,2022-04-21 20:52:02,-23.1203,-134.9692,70.25,89,100,14.81
29,Albany,US,2022-04-21 20:52:02,42.6001,-73.9662,57.4,47,100,1.01
30,Atuona,PF,2022-04-21 20:52:02,-9.8,-139.0333,78.98,81,14,16.33
31,Nabire,ID,2022-04-21 20:52:03,-3.3667,135.4833,74.59,94,86,3.31
32,Grindavik,IS,2022-04-21 20:52:03,63.8424,-22.4338,49.95,81,75,12.66
33,Remontnoye,RU,2022-04-21 20:52:03,46.5614,43.6501,52.47,64,100,9.93
34,Mahasamund,IN,2022-04-21 20:52:04,21.1,82.1,88.97,34,79,11.77
35,Gorontalo,ID,2022-04-21 20:52:04,0.5412,123.0595,74.62,95,97,2.19
36,Port Hardy,CA,2022-04-21 20:52:04,50.6996,-127.4199,53.6,71,75,6.91
37,Jacobina,BR,2022-04-21 20:52:05,-11.1806,-40.5183,76.39,69,100,7.47
38,Tual,ID,2022-04-21 20:52:05,-5.6667,132.75,83.21,73,100,3.78
39,Kapaa,US,2022-04-21 20:52:05,22.0752,-159.319,76.12,83,75,14.97
40,Alofi,NU,2022-04-21 20:52:06,-19.0595,-169.9187,78.69,89,100,3.44
41,Busselton,AU,2022-04-21 20:52:06,-33.65,115.3333,55.06,73,0,12.08
42,Arraial Do Cabo,BR,2022-04-21 20:48:41,-22.9661,-42.0278,76.96,73,40,6.91
43,Padang,ID,2022-04-21 20:51:53,-0.9492,100.3543,78.08,84,100,3.62
44,Menongue,AO,2022-04-21 20:52:06,-14.6585,17.691,57.69,67,21,3.18
45,Dikson,RU,2022-04-21 20:52:07,73.5069,80.5464,0.03,100,99,11.65
46,Comodoro Rivadavia,AR,2022-04-21 20:52:07,-45.8667,-67.5,53.46,76,75,16.11
47,Linxia,CN,2022-04-21 20:53:07,35.6003,103.2064,49.96,49,100,3.36
48,Chuy,UY,2022-04-21 20:53:08,-33.6971,-53.4616,65.71,81,88,9.53
49,Coquimbo,CL,2022-04-21 20:50:49,-29.9533,-71.3436,60.53,82,0,12.66
50,Porbandar,IN,2022-04-21 20:53:08,21.6422,69.6093,80.19,79,4,11.32
51,Upernavik,GL,2022-04-21 20:53:08,72.7868,-56.1549,16.23,79,99,7.43
52,Port Alfred,ZA,2022-04-21 20:53:09,-33.5906,26.891,69.78,68,64,7.05
53,Tananger,NO,2022-04-21 20:53:09,58.9333,5.6,51.13,67,0,2.3
54,Chuchkovo,RU,2022-04-21 20:53:09,54.2693,41.4465,41.86,96,100,6.89
55,Itarema,BR,2022-04-21 20:53:10,-2.9248,-39.9167,78.49,88,91,10.54
56,Saint George,US,2022-04-21 20:50:09,37.1041,-113.5841,85.62,11,0,27.63
57,Salalah,OM,2022-04-21 20:53:10,17.0151,54.0924,78.66,76,3,4.12
58,Hambantota,LK,2022-04-21 20:53:10,6.1241,81.1185,79.59,85,93,8.41
59,Megion,RU,2022-04-21 20:53:11,61.0296,76.1136,12.22,94,60,9.89
60,Zhezkazgan,KZ,2022-04-21 20:53:11,47.8043,67.7144,60.33,41,97,5.48
61,Saskylakh,RU,2022-04-21 20:53:11,71.9167,114.0833,0.21,99,100,4.85
62,Tasiilaq,GL,2022-04-21 20:53:12,65.6145,-37.6368,32.32,97,100,15.14
63,Alexandria,EG,2022-04-21 20:51:38,31.2156,29.9553,61.34,72,40,8.05
64,Longyearbyen,SJ,2022-04-21 20:53:12,78.2186,15.6401,30.04,86,75,8.05
65,Vaini,TO,2022-04-21 20:53:12,-21.2,-175.2,78.96,89,20,1.14
66,Luanda,AO,2022-04-21 20:53:13,-8.8368,13.2343,78.8,89,20,6.91
67,Ponta Delgada,PT,2022-04-21 20:53:13,37.7333,-25.6667,57.92,62,20,9.22
68,Cape Town,ZA,2022-04-21 20:50:02,-33.9258,18.4232,62.11,80,0,8.05
69,East London,ZA,2022-04-21 20:53:13,-33.0153,27.9116,74.34,52,75,4.85
70,Santa Rosa,PH,2022-04-21 20:53:14,14.3122,121.1114,82.38,79,8,6.87
71,Sayyan,YE,2022-04-21 20:53:14,15.1718,44.3244,60.8,23,7,3.06
72,Rocha,UY,2022-04-21 20:53:14,-34.4833,-54.3333,63.1,52,15,7.87
73,Mingguang,CN,2022-04-21 20:53:15,32.7802,117.9638,62.2,85,57,5.12
74,Lasa,IT,2022-04-21 20:53:15,46.6166,10.7002,49.08,98,91,3.22
75,Hermanus,ZA,2022-04-21 20:53:15,-34.4187,19.2345,58.8,86,36,2.1
76,Praia Da Vitoria,PT,2022-04-21 20:53:15,38.7333,-27.0667,57.76,77,75,22.08
77,Hofn,IS,2022-04-21 20:53:16,64.2539,-15.2082,46.35,85,5,7.7
78,Chokurdakh,RU,2022-04-21 20:53:16,70.6333,147.9167,-2.38,100,100,0.58
79,Barrow,US,2022-04-21 20:53:16,71.2906,-156.7887,8.26,88,86,14.74
80,Phan Thiet,VN,2022-04-21 20:53:17,10.9333,108.1,77.36,87,100,6.31
81,Camocim,BR,2022-04-21 20:52:09,-2.9022,-40.8411,78.4,88,100,10.25
82,Maniitsoq,GL,2022-04-21 20:53:17,65.4167,-52.9,32.25,98,100,34.85
83,Khandbari,NP,2022-04-21 20:53:17,27.3747,87.2039,68.38,83,92,1.05
84,Tura,IN,2022-04-21 20:50:32,25.5198,90.2201,68.43,89,2,3.62
85,Geraldton,AU,2022-04-21 20:53:18,-28.7667,114.6,64.81,52,4,6.91
86,Vanimo,PG,2022-04-21 20:53:18,-2.6741,141.3028,77.02,85,100,3.04
87,Buala,SB,2022-04-21 20:53:18,-8.145,159.5921,82.2,78,100,4.05
88,Chunhuhub,MX,2022-04-21 20:53:19,19.55,-88.6833,92.5,34,69,7.58
89,Rabat,MA,2022-04-21 20:53:19,33.9911,-6.8401,59.16,70,0,3.44
90,Bazaliya,UA,2022-04-21 20:53:19,49.7127,26.4733,41.38,96,100,10.2
91,Marsa Matruh,EG,2022-04-21 20:53:20,31.3525,27.2453,60.42,65,95,9.78
92,Grand Gaube,MU,2022-04-21 20:54:20,-20.0064,57.6608,78.39,80,100,5.01
93,Vao,NC,2022-04-21 20:54:20,-22.6667,167.4833,74.39,59,100,3.0
94,Los Llanos De Aridane,ES,2022-04-21 20:54:21,28.6585,-17.9182,60.55,89,75,5.75
95,Wielun,PL,2022-04-21 20:54:21,51.221,18.5696,44.19,94,100,2.26
96,Puerto Ayora,EC,2022-04-21 20:54:21,-0.7393,-90.3518,78.76,82,45,9.19
97,Nelson Bay,AU,2022-04-21 20:54:22,-32.7167,152.15,69.01,95,99,16.51
98,Karpogory,RU,2022-04-21 20:54:22,64.0019,44.4451,22.71,96,61,3.0
99,Areosa,PT,2022-04-21 20:54:22,41.7178,-8.8571,50.32,91,100,9.64
100,Kon Tum,VN,2022-04-21 20:54:22,14.35,108.0,68.34,97,36,1.74
101,Xingcheng,CN,2022-04-21 20:54:23,40.6167,120.7167,48.15,66,4,7.09
102,Jian,CN,2022-04-21 20:54:23,27.1172,114.9793,68.94,85,100,5.14
103,Broome,US,2022-04-21 20:54:23,42.2506,-75.833,52.63,75,100,8.01
104,Sao Filipe,CV,2022-04-21 20:54:24,14.8961,-24.4956,73.98,74,100,5.26
105,Taunggyi,MM,2022-04-21 20:54:24,20.7833,97.0333,62.31,65,2,2.59
106,Butaritari,KI,2022-04-21 20:54:24,3.0707,172.7902,80.46,81,93,12.73
107,Lavrentiya,RU,2022-04-21 20:54:25,65.5833,-171.0,26.37,82,11,4.34
108,Mahebourg,MU,2022-04-21 20:54:25,-20.4081,57.7,78.26,88,75,4.61
109,Carnarvon,AU,2022-04-21 20:54:25,-24.8667,113.6333,66.27,88,65,5.75
110,Mar Del Plata,AR,2022-04-21 20:53:30,-38.0023,-57.5575,65.88,54,0,13.8
111,Preston,GB,2022-04-21 20:54:26,53.7667,-2.7167,53.85,61,10,4.0
112,Severo-Kurilsk,RU,2022-04-21 20:54:26,50.6789,156.125,36.09,96,81,7.07
113,Marsaxlokk,MT,2022-04-21 20:54:26,35.8419,14.5431,62.08,82,60,8.05
114,Namibe,AO,2022-04-21 20:54:27,-15.1961,12.1522,73.99,75,96,4.54
115,Leh,IN,2022-04-21 20:54:27,34.1667,77.5833,37.09,69,87,2.3
116,Hervey Bay,AU,2022-04-21 20:54:27,-25.2986,152.8535,72.01,76,91,5.99
117,Nakamura,JP,2022-04-21 20:54:27,32.9833,132.9333,55.69,97,32,4.38
118,Bredasdorp,ZA,2022-04-21 20:54:28,-34.5322,20.0403,58.82,88,5,3.87
119,Constitucion,CL,2022-04-21 20:54:28,-35.3333,-72.4167,53.19,69,100,3.11
120,Thompson,CA,2022-04-21 20:54:28,55.7435,-97.8558,35.76,30,20,6.91
121,Cidreira,BR,2022-04-21 20:54:29,-30.1811,-50.2056,68.49,81,43,7.99
122,Prince Rupert,CA,2022-04-21 20:54:29,54.3161,-130.3201,55.49,44,0,9.22
123,Fort Nelson,CA,2022-04-21 20:54:29,58.8053,-122.7002,36.99,52,75,4.61
124,Luderitz,NA,2022-04-21 20:54:30,-26.6481,15.1594,62.64,78,4,7.72
125,Rawson,AR,2022-04-21 20:54:30,-43.3002,-65.1023,57.99,64,100,13.73
126,Slave Lake,CA,2022-04-21 20:54:30,55.2834,-114.769,46.38,39,40,18.41
127,Dingle,PH,2022-04-21 20:54:31,10.9995,122.6711,77.0,91,10,7.23
128,Cherskiy,RU,2022-04-21 20:54:31,68.75,161.3,16.0,96,82,7.05
129,Champerico,GT,2022-04-21 20:54:31,14.3,-91.9167,93.74,61,5,14.43
130,Codrington,AU,2022-04-21 20:54:31,-38.2667,141.9667,54.45,72,100,11.25
131,Torbay,CA,2022-04-21 20:54:32,47.6666,-52.7314,47.17,72,75,17.0
132,Cam Ranh,VN,2022-04-21 20:54:32,11.9214,109.1591,75.16,88,20,1.14
133,Nikolskoye,RU,2022-04-21 20:54:32,59.7035,30.7861,43.81,88,6,4.14
134,Port Elizabeth,ZA,2022-04-21 20:51:05,-33.918,25.5701,64.31,93,40,12.66
135,Port Blair,IN,2022-04-21 20:54:33,11.6667,92.75,82.58,72,61,1.99
136,Venice,US,2022-04-21 20:52:40,27.0998,-82.4543,87.84,45,20,14.97
137,Proletariy,RU,2022-04-21 20:54:33,58.4342,31.7046,41.27,88,8,4.76
138,Havre-Saint-Pierre,CA,2022-04-21 20:55:33,50.2334,-63.5986,37.76,56,100,11.5
139,Verkhnyaya Inta,RU,2022-04-21 20:55:34,65.9811,60.3094,7.48,98,97,4.94
140,Georgetown,MY,2022-04-21 20:54:37,5.4112,100.3354,81.95,94,20,3.44
141,Qaanaaq,GL,2022-04-21 20:55:34,77.484,-69.3632,-2.79,83,46,7.38
142,Lompoc,US,2022-04-21 20:55:34,34.6391,-120.4579,69.01,68,40,15.99
143,Yarada,IN,2022-04-21 20:55:35,17.65,83.2667,84.52,79,75,4.61
144,Rafaela,AR,2022-04-21 20:55:35,-31.2503,-61.4867,75.99,54,26,3.0
145,Maragogi,BR,2022-04-21 20:51:33,-9.0122,-35.2225,78.73,82,55,5.91
146,Broken Hill,AU,2022-04-21 20:55:35,-31.95,141.4333,47.91,87,98,3.44
147,Kalispell,US,2022-04-21 20:55:36,48.1958,-114.3129,54.37,56,100,1.03
148,Bathsheba,BB,2022-04-21 20:55:36,13.2167,-59.5167,83.01,57,75,17.27
149,Waingapu,ID,2022-04-21 20:55:36,-9.6567,120.2641,77.88,83,95,4.81
150,Sorland,NO,2022-04-21 20:55:36,67.667,12.6934,42.1,83,99,9.4
151,Tuktoyaktuk,CA,2022-04-21 20:55:37,69.4541,-133.0374,1.4,78,75,2.3
152,Fortuna,US,2022-04-21 20:55:37,40.5982,-124.1573,61.93,73,20,7.0
153,Akcakoca,TR,2022-04-21 20:55:37,41.0866,31.1162,50.18,84,30,4.34
154,College,US,2022-04-21 20:55:38,64.8569,-147.8028,45.23,41,48,1.99
155,San Jose,US,2022-04-21 20:55:38,37.3394,-121.895,65.21,56,0,11.99
156,Zyryanka,RU,2022-04-21 20:55:38,65.75,150.85,15.06,92,100,4.52
157,Rapid Valley,US,2022-04-21 20:55:39,44.0625,-103.1463,68.72,31,20,20.71
158,Carutapera,BR,2022-04-21 20:55:39,-1.195,-46.02,77.54,92,56,6.4
159,Port-Cartier,CA,2022-04-21 20:55:39,50.0334,-66.8654,39.31,82,100,10.25
160,Beringovskiy,RU,2022-04-21 20:55:39,63.05,179.3167,26.29,86,100,5.23
161,Kargasok,RU,2022-04-21 20:55:40,59.0556,80.8572,17.89,92,100,17.09
162,Zhengjiatun,CN,2022-04-21 20:55:40,43.5064,123.5064,43.7,57,100,11.52
163,Marquette,US,2022-04-21 20:55:40,46.5333,-87.6335,45.82,55,30,16.28
164,Weligama,LK,2022-04-21 20:55:41,5.9667,80.4167,77.94,88,45,3.13
165,Pergamino,AR,2022-04-21 20:55:41,-33.89,-60.5736,69.19,28,51,6.22
166,Vila Velha,BR,2022-04-21 20:55:41,-20.3297,-40.2925,78.75,83,0,6.91
167,Narsaq,GL,2022-04-21 20:55:42,60.9167,-46.05,36.99,83,100,0.78
168,Coffs Harbour,AU,2022-04-21 20:52:45,-30.3,153.1333,63.14,94,75,8.05
169,Abancay,PE,2022-04-21 20:55:42,-13.6339,-72.8814,70.02,55,87,6.53
170,Klaksvik,FO,2022-04-21 20:55:42,62.2266,-6.589,43.72,93,22,12.91
171,Manavalakurichi,IN,2022-04-21 20:55:43,8.1333,77.3,80.31,85,63,2.98
172,Banjarmasin,ID,2022-04-21 20:55:43,-3.3244,114.591,77.14,94,97,1.79
173,Tadine,NC,2022-04-21 20:55:43,-21.55,167.8833,75.4,66,59,5.32
174,Saint-Augustin,CA,2022-04-21 20:55:43,51.226,-58.6502,34.84,89,21,6.78
175,Nara,JP,2022-04-21 20:55:44,34.6851,135.8049,61.5,87,80,4.12
176,Hasaki,JP,2022-04-21 20:55:44,35.7333,140.8333,61.29,92,80,19.13
177,Tecolutla,MX,2022-04-21 20:55:44,20.4833,-97.0167,84.18,70,37,17.09
178,Shahrud,IR,2022-04-21 20:55:45,36.4182,54.9763,64.69,42,100,0.94
179,Kralendijk,BQ,2022-04-21 20:55:45,12.15,-68.2667,79.14,78,55,14.2
180,Kalashnikovo,RU,2022-04-21 20:55:45,57.2824,35.2262,42.73,89,100,2.73
181,Talnakh,RU,2022-04-21 20:54:02,69.4865,88.3972,6.19,82,100,1.72
182,Paamiut,GL,2022-04-21 20:55:46,61.994,-49.6678,33.17,94,100,28.43
183,Hithadhoo,MV,2022-04-21 20:55:46,-0.6,73.0833,83.64,72,12,9.42
184,Hudson Bay,CA,2022-04-21 20:55:46,52.85,-102.3842,38.39,63,100,4.81
185,Nome,US,2022-04-21 20:53:20,64.5011,-165.4064,38.1,54,4,5.91
186,Payyannur,IN,2022-04-21 20:55:47,12.1,75.2,81.66,85,23,2.39
187,Oga,IT,2022-04-21 20:56:47,46.4631,10.347,40.8,97,100,3.36
188,Isla Mujeres,MX,2022-04-21 20:56:47,21.2311,-86.731,84.16,72,63,13.56
189,Astana,KZ,2022-04-21 20:54:19,51.1801,71.446,40.95,93,40,6.71
190,At-Bashi,KG,2022-04-21 20:56:48,41.1702,75.8106,48.7,67,82,1.39
191,Honiara,SB,2022-04-21 20:56:48,-9.4333,159.95,81.32,80,100,3.4
192,Mwinilunga,ZM,2022-04-21 20:56:48,-11.7358,24.4293,61.39,96,72,4.18
193,Weymouth,US,2022-04-21 20:55:57,42.2209,-70.9398,59.9,56,100,14.0
194,Inta,RU,2022-04-21 20:56:49,66.0317,60.1659,7.32,97,91,5.21
195,Brodokalmak,RU,2022-04-21 20:56:49,55.5748,62.082,27.5,71,0,2.48
196,Kahului,US,2022-04-21 20:56:33,20.8947,-156.47,78.84,78,38,18.99
197,Cabo San Lucas,MX,2022-04-21 20:55:58,22.8909,-109.9124,79.05,67,1,5.99
198,Moerai,PF,2022-04-21 20:56:49,-22.4333,-151.3333,76.26,60,92,21.97
199,Evensk,RU,2022-04-21 20:56:50,61.95,159.2333,18.34,79,100,8.63
200,Tuatapere,NZ,2022-04-21 20:56:50,-46.1333,167.6833,47.52,80,100,12.06
201,Bethel,US,2022-04-21 20:56:50,41.3712,-73.414,56.03,58,99,4.0
202,Durban,ZA,2022-04-21 20:56:51,-29.8579,31.0292,69.03,94,32,1.01
203,Hami,CN,2022-04-21 20:56:51,42.8,93.45,57.6,19,33,11.68
204,Te Anau,NZ,2022-04-21 20:54:27,-45.4167,167.7167,44.89,91,88,2.53
205,Jumla,NP,2022-04-21 20:56:51,29.2747,82.1838,51.76,86,100,2.64
206,Port Lincoln,AU,2022-04-21 20:56:52,-34.7333,135.8667,61.12,69,88,13.47
207,Saint-Joseph,RE,2022-04-21 20:56:52,-21.3667,55.6167,74.21,86,75,10.6
208,Victoria Point,AU,2022-04-21 20:56:52,-27.5833,153.3,68.29,82,72,1.99
209,Ahipara,NZ,2022-04-21 20:53:45,-35.1667,173.1667,68.16,87,43,12.03
210,Prudnik,PL,2022-04-21 20:56:53,50.3212,17.5746,45.93,90,98,1.1
211,Maple Creek,CA,2022-04-21 20:54:14,49.9168,-109.4848,41.05,56,100,12.66
212,New Norfolk,AU,2022-04-21 20:56:53,-42.7826,147.0587,49.5,72,69,2.73
213,Amazar,RU,2022-04-21 20:56:53,53.858,120.875,26.85,51,100,2.84
214,Santa Maria,BR,2022-04-21 20:52:11,-29.6842,-53.8069,72.7,83,20,1.14
215,Brae,GB,2022-04-21 20:56:54,60.3964,-1.353,46.58,90,10,14.5
216,Qaqortoq,GL,2022-04-21 20:56:54,60.7167,-46.0333,37.17,81,100,3.98
217,Thinadhoo,MV,2022-04-21 20:56:54,0.5333,72.9333,83.75,75,30,11.9
218,Jaen,ES,2022-04-21 20:56:55,38.0,-3.5,53.17,70,29,13.31
219,Teguise,ES,2022-04-21 20:55:23,29.0605,-13.564,61.02,63,20,6.91
220,Ilulissat,GL,2022-04-21 20:56:55,69.2167,-51.1,37.4,74,100,14.0
221,Nukus,UZ,2022-04-21 20:56:55,42.4531,59.6103,66.18,59,0,4.61
222,Pachino,IT,2022-04-21 20:56:55,36.7186,15.0907,59.41,87,40,9.78
223,Haines Junction,CA,2022-04-21 20:56:56,60.7522,-137.5108,40.95,33,98,3.44
224,Ainazi,LV,2022-04-21 20:56:56,57.8636,24.3578,45.21,74,1,9.69
225,Margate,GB,2022-04-21 20:56:56,51.3813,1.3862,51.31,81,3,7.0
226,Marsh Harbour,BS,2022-04-21 20:56:57,26.5412,-77.0636,73.72,70,61,21.18
227,Shimanovsk,RU,2022-04-21 20:56:57,52.0,127.7,31.23,61,7,5.17
228,Mweka,CD,2022-04-21 20:56:57,-4.85,21.5667,69.06,92,19,1.32
229,Darasun,RU,2022-04-21 20:56:58,51.6667,114.0,30.02,66,100,6.78
230,Cairns,AU,2022-04-21 20:54:28,-16.9167,145.7667,77.07,94,75,5.75
231,Areka,ET,2022-04-21 20:57:58,7.0667,37.7,64.56,82,99,0.36
232,Pacific Grove,US,2022-04-21 20:57:58,36.6177,-121.9166,61.43,79,100,17.0
233,Palmer,US,2022-04-21 20:57:08,42.1584,-72.3287,57.15,43,100,5.99
234,Komsomolskiy,UZ,2022-04-21 20:57:59,40.4272,71.7189,65.12,63,75,2.3
235,Veraval,IN,2022-04-21 20:57:59,20.9,70.3667,81.79,65,4,12.73
236,Bambous Virieux,MU,2022-04-21 20:55:09,-20.3428,57.7575,78.22,88,75,4.61
237,Marsala,IT,2022-04-21 20:57:59,37.7966,12.4352,57.94,79,65,12.59
238,Kasongo-Lunda,CD,2022-04-21 20:58:00,-6.4667,16.8167,70.32,97,95,1.92
239,Katangli,RU,2022-04-21 20:58:00,51.7102,143.2326,29.34,97,100,9.51
240,Kjopsvik,NO,2022-04-21 20:58:00,68.097,16.3742,43.18,93,98,2.39
241,Naze,JP,2022-04-21 20:58:01,28.3667,129.4833,61.72,82,83,1.77
242,Anse-Bertrand,GP,2022-04-21 20:58:01,16.4721,-61.5078,82.22,100,11,15.95
243,San Rafael,AR,2022-04-21 20:58:01,-34.6177,-68.3301,70.45,27,98,9.55
244,Maxixe,MZ,2022-04-21 20:55:09,-23.8597,35.3472,69.1,81,57,4.99
245,Omsukchan,RU,2022-04-21 20:58:02,62.5333,155.8,13.39,93,97,1.74
246,Destin,US,2022-04-21 20:57:51,30.3935,-86.4958,85.42,67,0,8.01
247,Kodiak,US,2022-04-21 20:58:02,57.79,-152.4072,38.19,71,100,18.57
248,Soyo,AO,2022-04-21 20:58:02,-6.1349,12.3689,78.78,88,99,6.51
249,Maroantsetra,MG,2022-04-21 20:58:03,-15.4333,49.7333,73.27,92,100,0.63
250,Sao Jose Da Coroa Grande,BR,2022-04-21 20:58:03,-8.8978,-35.1478,79.16,80,72,5.88
251,Maiduguri,NG,2022-04-21 20:58:03,11.8464,13.1603,89.56,12,8,7.7
252,Mulanje,MW,2022-04-21 20:58:03,-16.0316,35.5,66.61,99,100,3.56
253,Chateau-Thierry,FR,2022-04-21 20:53:56,49.05,3.4,53.22,87,12,6.82
254,Olafsvik,IS,2022-04-21 20:58:04,64.8945,-23.7142,46.83,86,100,5.68
255,Markova,UA,2022-04-21 20:58:04,48.6758,24.4138,40.19,95,100,3.62
256,Mareeba,AU,2022-04-21 20:56:36,-17.0,145.4333,72.45,96,100,2.17
257,Tommot,RU,2022-04-21 20:58:04,58.9564,126.2925,21.42,90,100,1.77
258,Pakxan,LA,2022-04-21 20:58:05,18.3778,103.6601,72.28,87,52,3.11
259,Chalmette,US,2022-04-21 20:58:05,29.9427,-89.9634,84.99,61,0,8.01
260,Castro,BR,2022-04-21 20:58:05,-24.7911,-50.0119,62.65,86,85,1.74
261,Praia,CV,2022-04-21 20:56:36,14.9215,-23.5087,72.14,78,0,17.27
262,Saint-Michel-Des-Saints,CA,2022-04-21 20:58:06,46.6834,-73.9159,40.93,97,100,14.18
263,Sao Joao Da Barra,BR,2022-04-21 20:58:06,-21.6403,-41.0511,78.89,77,15,9.26
264,Kavieng,PG,2022-04-21 20:58:06,-2.5744,150.7967,83.68,70,94,15.66
265,Esperance,AU,2022-04-21 20:58:07,-33.8667,121.9,51.64,73,75,7.63
266,Svetlogorsk,BY,2022-04-21 20:58:07,52.6333,29.7333,40.46,89,80,12.66
267,Yanam,IN,2022-04-21 20:58:07,16.7333,82.2167,76.17,94,3,1.99
268,Dongli,CN,2022-04-21 20:58:07,23.5656,116.8194,66.18,100,100,0.0
269,Pimentel,PE,2022-04-21 20:58:08,-6.8367,-79.9342,75.49,60,0,24.16
270,Nanortalik,GL,2022-04-21 20:58:08,60.1432,-45.2371,37.56,74,100,12.41
271,Kibala,TD,2022-04-21 20:58:08,9.1104,18.3463,89.55,40,0,0.0
272,North Bend,US,2022-04-21 20:58:09,43.4065,-124.2243,56.91,100,100,19.22
273,Nemuro,JP,2022-04-21 20:58:09,43.3236,145.575,42.37,98,100,12.97
274,Pundaguitan,PH,2022-04-21 20:58:09,6.3711,126.1689,81.01,80,100,10.42
275,Shingu,JP,2022-04-21 20:58:10,33.7333,135.9833,62.46,92,42,3.36
276,Ilo,PE,2022-04-21 20:58:10,-17.6394,-71.3375,68.86,78,75,9.22
277,Stornoway,GB,2022-04-21 20:58:10,58.2093,-6.3865,48.16,89,20,14.97
278,La Asuncion,VE,2022-04-21 20:58:10,11.0333,-63.8628,85.73,58,52,18.41
279,Balta,UA,2022-04-21 20:58:11,47.9355,29.6198,43.68,95,100,11.21
280,Nioaque,BR,2022-04-21 20:59:11,-21.1353,-55.83,84.4,41,24,2.08
281,Beboto,TD,2022-04-21 20:59:11,8.2668,16.939,83.64,52,100,6.89
282,Saint-Francois,FR,2022-04-21 20:59:12,46.4154,3.9054,51.24,82,0,2.3
283,Husavik,IS,2022-04-21 20:59:12,66.0449,-17.3389,45.63,82,1,6.31
284,Jaisalmer,IN,2022-04-21 20:59:12,26.9147,70.9181,84.09,16,7,12.82
285,Aranos,NA,2022-04-21 20:59:13,-24.1333,19.1167,65.44,40,99,9.33
286,Shimoda,JP,2022-04-21 20:59:13,34.6667,138.95,66.06,93,68,15.32
287,Ilheus,BR,2022-04-21 20:59:13,-14.7889,-39.0494,82.22,74,75,13.8
288,Rimbey,CA,2022-04-21 20:59:14,52.6334,-114.2353,37.62,75,73,16.96
289,Bayji,IQ,2022-04-21 20:59:14,34.9311,43.487,68.97,22,0,10.0
290,Payo,ID,2022-04-21 20:59:14,-3.7508,103.6372,72.84,98,100,1.05
291,Nha Trang,VN,2022-04-21 20:58:41,12.25,109.1833,75.2,92,100,4.79
292,Altay,CN,2022-04-21 20:59:15,47.8667,88.1167,47.41,70,100,3.76
293,Touros,BR,2022-04-21 20:59:15,-5.1989,-35.4608,80.35,79,74,11.07
294,Isla Vista,US,2022-04-21 20:59:15,34.4133,-119.861,71.29,68,45,10.0
295,Sibi,PK,2022-04-21 20:59:16,29.5448,67.8764,84.15,10,0,5.26
296,Celestun,MX,2022-04-21 20:59:16,20.8667,-90.4,85.26,64,49,21.7
297,Kamaishi,JP,2022-04-21 20:59:16,39.2667,141.8833,52.25,99,100,1.05
298,Clyde River,CA,2022-04-21 20:59:16,70.4692,-68.5914,3.43,78,100,12.66
299,Port Hedland,AU,2022-04-21 20:59:17,-20.3167,118.5667,73.45,33,77,6.91
300,Kruisfontein,ZA,2022-04-21 20:59:17,-34.0033,24.7314,60.89,88,5,6.55
301,Henties Bay,NA,2022-04-21 20:59:17,-22.116,14.2845,67.69,69,0,3.0
302,Makubetsu,JP,2022-04-21 20:59:18,45.3714,141.8211,52.16,65,93,25.01
303,Sokolovyy,RU,2022-04-21 20:59:18,51.5686,45.8331,48.7,80,73,8.41
304,Iquique,CL,2022-04-21 20:59:18,-20.2208,-70.1431,69.84,82,33,7.7
305,Chara,RU,2022-04-21 20:59:19,56.9064,118.2631,20.52,84,100,6.35
306,Mount Isa,AU,2022-04-21 20:59:19,-20.7333,139.5,71.37,30,100,5.75
307,Lata,PT,2022-04-21 20:59:19,40.1629,-8.3327,52.07,83,100,8.7
308,Peniche,PT,2022-04-21 20:59:20,39.3558,-9.3811,56.1,91,100,14.76
309,Khandyga,RU,2022-04-21 20:59:20,62.6667,135.6,16.03,94,99,1.5
310,Kosh-Agach,RU,2022-04-21 20:59:20,50.0,88.6667,38.66,65,99,8.32
311,La Ronge,CA,2022-04-21 20:59:21,55.1001,-105.2842,43.02,30,75,9.22
312,Colonia,DE,2022-04-21 20:59:21,50.9333,6.95,56.91,61,0,4.61
313,Kijini,TZ,2022-04-21 20:59:21,-5.85,39.3167,78.94,84,99,8.84
314,Sisimiut,GL,2022-04-21 20:59:22,66.9395,-53.6735,34.68,82,100,29.06
315,Flin Flon,CA,2022-04-21 20:58:36,54.7682,-101.865,39.04,35,40,8.05
316,Nyurba,RU,2022-04-21 20:59:22,63.2842,118.3319,18.25,97,99,3.04
317,Ondo,NG,2022-04-21 20:59:22,7.1,4.8333,75.47,91,98,1.36
318,Saldanha,ZA,2022-04-21 20:59:23,-33.0117,17.9442,59.05,92,0,13.11
319,Lagoa,PT,2022-04-21 20:59:23,39.05,-27.9833,56.34,66,100,22.03
320,Dandong,CN,2022-04-21 20:59:23,40.1292,124.3947,52.05,95,100,5.91
321,Srednekolymsk,RU,2022-04-21 20:56:48,67.45,153.6833,17.55,94,98,4.05
322,Urumqi,CN,2022-04-21 20:59:24,43.801,87.6005,54.55,28,0,2.24
323,High Level,CA,2022-04-21 20:59:24,58.5169,-117.136,39.31,41,75,0.0
324,Trelew,AR,2022-04-21 20:59:24,-43.249,-65.3051,58.46,61,100,18.54
325,Zelenoborskiy,RU,2022-04-21 20:59:25,66.845,32.3622,34.23,100,100,1.41
326,Harper,LR,2022-04-21 20:59:25,4.375,-7.7169,80.4,84,100,8.43
327,Tamandare,BR,2022-04-21 20:59:25,-8.7597,-35.1047,78.94,80,80,5.44
328,Gamba,GA,2022-04-21 21:00:25,-2.65,10.0,78.24,91,100,2.53
329,Kropotkin,RU,2022-04-21 21:00:26,45.4375,40.5756,45.43,92,34,8.97
330,Namatanai,PG,2022-04-21 21:00:26,-3.6667,152.4333,81.64,75,84,8.41
331,Ketchikan,US,2022-04-21 21:00:26,55.3422,-131.6461,53.01,46,88,3.42
332,Zhangjiakou,CN,2022-04-21 21:00:27,40.81,114.8794,41.9,57,0,5.99
333,Huarmey,PE,2022-04-21 21:00:27,-10.0681,-78.1522,72.59,74,77,13.02
334,Valparaiso,CL,2022-04-21 20:56:40,-33.0393,-71.6273,73.63,48,0,10.36
335,Kayanza,BI,2022-04-21 21:00:28,-3.0667,29.6667,57.85,95,100,1.43
336,Muros,ES,2022-04-21 21:00:28,42.7762,-9.0603,50.68,93,100,12.97
337,Belfast,GB,2022-04-21 21:00:28,54.5833,-5.9333,53.42,64,11,8.05
338,San Joaquin,US,2022-04-21 21:00:29,37.9333,-121.3011,65.32,67,40,0.0
339,Gladstone,AU,2022-04-21 20:58:39,-23.85,151.25,71.53,78,100,8.05
340,Recreio,BR,2022-04-21 21:00:29,-21.525,-42.4692,72.05,79,0,3.62
341,Varkaus,FI,2022-04-21 21:00:29,62.3153,27.873,34.3,91,10,2.8
342,Provideniya,RU,2022-04-21 21:00:30,64.3833,-173.3,33.91,69,0,18.01
343,Kokopo,PG,2022-04-21 21:00:30,-4.352,152.2633,77.86,83,45,1.86
344,Bengkulu,ID,2022-04-21 21:00:31,-3.8004,102.2655,76.62,85,100,6.58
345,Jacareacanga,BR,2022-04-21 21:00:31,-6.2222,-57.7528,77.0,94,94,2.1
346,Pula,HR,2022-04-21 20:56:25,44.8683,13.8481,54.16,87,100,13.8
347,Hobyo,SO,2022-04-21 21:00:32,5.3505,48.5268,82.98,72,59,13.31
348,Novoanninskiy,RU,2022-04-21 21:00:32,50.5287,42.6747,50.56,59,78,5.46
349,Awjilah,LY,2022-04-21 21:00:32,29.1081,21.2869,73.63,18,84,12.19
350,Carlsbad,US,2022-04-21 21:00:08,33.1581,-117.3506,76.84,65,0,11.01
351,Erzin,TR,2022-04-21 21:00:33,36.9559,36.2,55.24,80,8,2.15
352,Ilinden,MK,2022-04-21 21:00:33,41.9961,21.5822,44.65,93,40,1.14
353,Salt,JO,2022-04-21 21:00:33,32.0392,35.7272,57.29,42,25,3.6
354,Labytnangi,RU,2022-04-21 21:00:34,66.6572,66.4183,-2.02,90,53,7.0
355,Saint Anthony,US,2022-04-21 21:00:34,45.0205,-93.218,56.82,50,10,7.0
356,Berlevag,NO,2022-04-21 21:00:35,70.8578,29.0864,37.35,87,75,16.11
357,Sebrovo,RU,2022-04-21 21:00:35,50.0981,43.2976,50.76,57,98,4.18
358,Tomatlan,MX,2022-04-21 21:00:35,19.9333,-105.25,89.69,36,0,9.95
359,Ewa Beach,US,2022-04-21 20:57:37,21.3156,-158.0072,78.44,70,75,15.01
360,Sola,VU,2022-04-21 21:00:36,-13.8833,167.55,82.89,72,40,10.36
361,Port-Gentil,GA,2022-04-21 21:00:36,-0.7193,8.7815,81.55,82,100,10.65
362,Alice Springs,AU,2022-04-21 20:56:43,-23.7,133.8833,47.75,57,3,0.0
363,Muravlenko,RU,2022-04-21 21:00:37,63.7898,74.523,6.89,96,93,8.59
364,Hamilton,US,2022-04-21 21:00:02,39.1834,-84.5333,66.25,85,100,5.75
365,Novyy Urengoy,RU,2022-04-21 21:00:37,66.0833,76.6333,-10.01,100,85,5.03
366,Ust-Ilimsk,RU,2022-04-21 21:00:37,58.0006,102.6619,24.57,95,96,3.53
367,Pitimbu,BR,2022-04-21 21:00:38,-7.4706,-34.8086,79.27,75,100,8.84
368,Enshi,CN,2022-04-21 21:00:38,30.3,109.4833,62.94,86,100,1.61
369,Irati,BR,2022-04-21 20:56:31,-25.4672,-50.6511,61.7,96,71,2.75
370,Yamethin,MM,2022-04-21 21:00:38,20.4333,96.15,78.42,54,4,5.5
371,Atar,MR,2022-04-21 21:00:39,20.5169,-13.0499,80.08,10,24,10.47
372,Bonavista,CA,2022-04-21 21:00:39,48.6499,-53.1147,34.2,73,19,19.69
373,Port Augusta,AU,2022-04-21 20:59:36,-32.5,137.7667,56.73,61,0,5.59
374,Kultuk,RU,2022-04-21 21:00:40,51.7208,103.6956,30.63,82,84,2.33
375,Volgo-Kaspiyskiy,RU,2022-04-21 21:00:40,46.2031,47.9187,55.38,58,0,4.47
376,Gariaband,IN,2022-04-21 21:01:41,20.635,82.0614,85.66,42,53,10.31
377,Souillac,MU,2022-04-21 21:01:41,-20.5167,57.5167,77.38,88,75,4.61
378,Florianopolis,BR,2022-04-21 21:01:41,-27.6146,-48.5012,70.7,79,78,1.01
379,Ancud,CL,2022-04-21 21:01:41,-41.8697,-73.8203,50.23,78,87,9.98
380,Balkanabat,TM,2022-04-21 21:01:42,39.5108,54.3671,66.07,58,99,2.98
381,Angoram,PG,2022-04-21 21:01:42,-4.0625,144.0661,74.28,99,69,0.96
382,Pevek,RU,2022-04-21 21:01:43,69.7008,170.3133,15.42,92,27,9.46
383,Kysyl-Syr,RU,2022-04-21 21:00:51,63.8986,122.7617,17.04,98,98,2.68
384,Eldama Ravine,KE,2022-04-21 21:01:43,0.0516,35.7308,57.52,90,100,2.37
385,Betsiamites,CA,2022-04-21 21:01:43,48.9413,-68.646,38.46,81,100,9.73
386,Abha,SA,2022-04-21 21:01:44,18.2164,42.5053,65.64,50,94,7.87
387,Tpig,RU,2022-04-21 21:01:44,41.7801,47.589,42.17,77,4,5.79
388,San Cristobal,VE,2022-04-21 20:59:03,7.7669,-72.225,75.38,58,76,2.48
389,Nikki,BJ,2022-04-21 21:01:44,9.9401,3.2108,78.67,74,79,1.88
390,Bubaque,GW,2022-04-21 20:57:56,11.2833,-15.8333,76.1,77,34,16.84
391,Kiruna,SE,2022-04-21 21:01:45,67.8557,20.2251,34.72,80,17,5.75
392,Vorotynets,RU,2022-04-21 21:01:45,56.0603,45.8633,36.18,88,100,7.4
393,Dakar,SN,2022-04-21 20:58:49,14.6937,-17.4441,72.48,88,0,16.11
394,Rio Grande,BR,2022-04-21 20:56:53,-32.035,-52.0986,77.11,71,25,8.1
395,El Alto,PE,2022-04-21 21:01:46,-4.2714,-81.2147,71.19,74,33,20.6
396,Krasnoselkup,RU,2022-04-21 21:01:46,65.7,82.4667,-7.26,100,81,3.44
397,Villamontes,BO,2022-04-21 21:01:46,-21.25,-63.5,81.23,62,100,1.23
398,Tateyama,JP,2022-04-21 21:01:47,34.9833,139.8667,60.73,88,75,2.3
399,Snasa,NO,2022-04-21 21:01:47,64.2457,12.3778,40.41,98,78,2.26
400,Ugoofaaru,MV,2022-04-21 21:01:47,5.6667,73.0,83.17,72,100,1.74
401,Bac Lieu,VN,2022-04-21 21:01:47,9.285,105.7244,81.88,79,25,10.83
402,Porto Nacional,BR,2022-04-21 21:01:55,-10.7081,-48.4172,77.74,83,1,1.57
403,Fairbanks,US,2022-04-21 21:01:56,64.8378,-147.7164,45.25,39,48,4.0
404,Filingue,NE,2022-04-21 20:58:23,14.3521,3.3168,89.47,9,15,3.31
405,Kyakhta,RU,2022-04-21 21:01:56,50.3508,106.4494,30.94,57,82,2.71
406,Mao,ES,2022-04-21 21:01:56,39.8885,4.2658,55.96,94,75,9.22
407,Moose Factory,CA,2022-04-21 21:01:57,51.2585,-80.6094,39.18,81,100,12.66
408,Troitskoye,RU,2022-04-21 21:01:57,52.9821,84.6757,40.42,93,100,10.67
409,Meulaboh,ID,2022-04-21 21:01:57,4.1363,96.1285,77.61,87,100,3.31
410,Oistins,BB,2022-04-21 21:01:58,13.0667,-59.5333,78.48,67,96,15.99
411,Tomball,US,2022-04-21 21:00:00,30.0972,-95.6161,86.58,64,43,4.0
412,Matara,LK,2022-04-21 21:01:58,5.9485,80.5353,77.47,90,47,3.89
413,Nizwa,OM,2022-04-21 20:58:15,22.9333,57.5333,78.85,20,0,3.8
414,Torrington,US,2022-04-21 21:01:58,41.8007,-73.1212,56.55,51,100,8.01
415,Ayagoz,KZ,2022-04-21 21:01:59,47.9714,80.4392,54.86,35,100,14.32
416,Skibbereen,IE,2022-04-21 21:01:59,51.55,-9.2667,53.11,88,64,14.72
417,Tilichiki,RU,2022-04-21 21:01:59,60.4667,166.1,15.64,90,100,7.2
418,Kastrakion,GR,2022-04-21 21:02:00,39.7156,21.6181,58.26,91,30,1.72
419,Assen,NL,2022-04-21 21:03:00,52.9967,6.5625,55.85,66,100,12.66
420,Skole,UA,2022-04-21 21:03:00,49.0372,23.5135,40.71,98,100,4.23
421,Madawaska,US,2022-04-21 21:03:01,47.3561,-68.3288,49.08,35,75,15.01
422,Darnah,LY,2022-04-21 21:03:01,32.767,22.6367,62.62,68,69,19.77
423,Kieta,PG,2022-04-21 21:03:01,-6.2167,155.6333,80.74,82,83,0.83
424,Ornskoldsvik,SE,2022-04-21 21:03:02,63.2909,18.7153,38.35,87,10,4.61
425,Mocoa,CO,2022-04-21 21:03:02,1.1493,-76.6466,76.96,89,80,2.91
426,Fomboni,KM,2022-04-21 21:03:02,-12.28,43.7425,82.8,78,99,17.38
427,Laguna,US,2022-04-21 21:03:03,38.421,-121.4238,68.14,74,40,13.8
428,Kavaratti,IN,2022-04-21 21:03:03,10.5669,72.642,84.38,74,7,7.31
429,Nacala,MZ,2022-04-21 21:03:03,-14.5428,40.6728,75.52,89,97,8.88
430,Goderich,CA,2022-04-21 21:03:04,43.7501,-81.7165,50.92,73,4,8.55
431,Kalmunai,LK,2022-04-21 21:03:04,7.4167,81.8167,79.07,85,76,6.33
432,Nieuw Amsterdam,SR,2022-04-21 21:03:04,5.8833,-55.0833,76.01,92,100,2.71
433,Oyotun,PE,2022-04-21 20:59:20,-6.8519,-79.3036,82.22,56,75,5.97
434,Aklavik,CA,2022-04-21 21:03:05,68.2191,-135.0107,14.38,78,90,3.85
435,Conway,US,2022-04-21 21:00:31,35.0887,-92.4421,79.72,75,40,9.22
436,Gambela,ET,2022-04-21 21:03:05,8.25,34.5833,73.17,93,100,4.56
437,Point Fortin,TT,2022-04-21 21:03:05,10.1833,-61.6833,83.89,73,96,8.97
438,Katsuura,JP,2022-04-21 21:03:06,35.1333,140.3,61.57,93,98,6.85
439,Flinders,AU,2022-04-21 21:03:06,-34.5833,150.8552,58.24,78,100,8.63
440,Waddan,LY,2022-04-21 21:03:06,29.1614,16.139,81.57,11,56,14.05
441,Youghal,IE,2022-04-21 21:03:07,51.95,-7.8506,53.1,86,99,15.46
442,Saint-Georges,GD,2022-04-21 21:03:07,12.0564,-61.7485,79.25,71,100,12.62
443,Lakatoro,VU,2022-04-21 21:03:07,-16.0999,167.4164,81.54,79,48,7.4
444,Manzhouli,CN,2022-04-21 21:03:08,49.6,117.4333,32.31,48,79,6.51
445,Palana,RU,2022-04-21 21:03:08,59.1167,159.9667,22.23,77,100,2.3
446,Monticello,US,2022-04-21 21:03:08,45.3055,-93.7941,56.35,53,0,11.5
447,Gat,IL,2022-04-21 21:03:09,31.61,34.7642,63.39,100,69,7.31
448,Paraiso,CR,2022-04-21 21:03:09,9.8383,-83.8656,75.11,74,75,3.11
449,Dharchula,IN,2022-04-21 21:03:09,29.85,80.5333,63.93,69,94,5.37
450,Straumen,NO,2022-04-21 21:03:10,63.8709,11.2999,48.2,88,3,4.61
451,Port Hueneme,US,2022-04-21 21:03:10,34.1478,-119.1951,71.96,70,40,12.66
452,Quchan,IR,2022-04-21 21:03:10,37.106,58.5095,57.65,61,29,4.29
453,Faanui,PF,2022-04-21 21:03:11,-16.4833,-151.75,78.78,79,49,9.22
454,Long Xuyen,VN,2022-04-21 21:03:11,10.3833,105.4167,78.75,89,18,5.08
455,Elat,IL,2022-04-21 21:03:11,29.5581,34.9482,69.64,30,1,11.5
456,Goundi,TD,2022-04-21 21:03:12,9.3627,17.366,88.25,25,100,5.68
457,Corn Island,NI,2022-04-21 21:03:12,12.1694,-83.0418,81.32,75,58,11.54
458,Oranjestad,AW,2022-04-21 20:59:19,12.524,-70.027,85.95,66,20,17.27
459,Corinto,GR,2022-04-21 21:03:12,37.9407,22.9573,60.42,75,95,5.48
460,Iqaluit,CA,2022-04-21 21:00:14,63.7506,-68.5145,11.7,66,95,11.99
461,Trindade,BR,2022-04-21 21:03:13,-16.6494,-49.4889,82.15,48,14,3.94
462,Yeppoon,AU,2022-04-21 21:03:13,-23.1333,150.7333,69.58,83,100,16.78
463,Simao,CN,2022-04-21 21:03:13,22.7886,100.9748,57.92,95,20,2.53
464,Bud,US,2022-04-21 21:03:14,39.447,-86.1758,69.82,67,56,7.05
465,Cayenne,GF,2022-04-21 21:04:14,4.9333,-52.3333,73.44,1,75,1.14
466,Sinop,TR,2022-04-21 21:04:14,41.7711,34.8709,41.07,73,33,5.03
467,Half Moon Bay,US,2022-04-21 21:01:00,37.4636,-122.4286,64.81,64,0,18.41
468,Mezen,RU,2022-04-21 21:04:15,65.8522,44.24,30.83,90,99,6.04
469,Egvekinot,RU,2022-04-21 21:04:15,66.3167,-179.1667,21.9,82,77,0.78
470,Okhotsk,RU,2022-04-21 21:04:15,59.3833,143.3,23.05,95,98,3.38
471,Airai,TL,2022-04-21 21:04:16,-8.9266,125.4092,60.33,86,80,3.06
472,Khasan,RU,2022-04-21 21:04:16,42.4308,130.6434,45.57,87,96,3.8
473,Barcelona,ES,2022-04-21 21:02:46,41.3888,2.159,59.54,80,20,2.3
474,Xinxiang,CN,2022-04-21 21:04:17,35.3089,113.8672,67.46,27,10,16.02
475,Pedasi,PA,2022-04-21 21:04:17,7.5333,-80.0333,81.07,68,61,7.72
476,Amposta,ES,2022-04-21 21:04:17,40.7131,0.581,56.23,72,96,6.35
477,Burnie,AU,2022-04-21 21:04:18,-41.0667,145.9167,46.26,71,6,7.18
478,Mamu Kanjan,PK,2022-04-21 21:04:18,30.8333,72.8,76.12,45,51,13.47
479,Moron,AR,2022-04-21 21:04:18,-34.6534,-58.6198,69.01,40,40,2.46
480,Orsha,BY,2022-04-21 21:04:19,54.5153,30.4053,37.44,91,3,8.55
481,Preobrazheniye,RU,2022-04-21 21:04:19,42.9019,133.9064,45.59,85,100,5.99
482,Manadhoo,MV,2022-04-21 21:04:19,5.7667,73.3833,83.26,72,83,3.31
483,Svetlaya,RU,2022-04-21 21:04:20,46.5389,138.3297,38.34,94,87,3.4
484,Parkes,AU,2022-04-21 21:04:20,-33.1333,148.1833,50.36,85,80,9.53
485,Havoysund,NO,2022-04-21 21:04:20,70.9963,24.6622,39.43,94,100,21.79
486,Nagornskiy,RU,2022-04-21 21:04:21,58.7731,57.5451,18.79,96,9,3.47
487,Edgewater,US,2022-04-21 21:04:21,28.9889,-80.9023,78.13,57,20,18.41
488,Iracoubo,GF,2022-04-21 21:04:22,5.4802,-53.2011,77.7,87,100,4.63
489,Venado Tuerto,AR,2022-04-21 21:00:04,-33.7456,-61.9688,69.76,32,79,6.55
490,Poum,NC,2022-04-21 21:04:22,-20.2333,164.0167,75.97,76,14,9.4
491,Eureka,US,2022-04-21 21:00:18,40.8021,-124.1637,59.36,63,100,8.99
492,Manta,EC,2022-04-21 20:59:50,-0.95,-80.7333,87.58,66,40,12.66
493,Dalvik,IS,2022-04-21 21:04:22,65.9702,-18.5286,48.04,78,28,3.11
494,Yermakovskoye,RU,2022-04-21 21:04:23,53.2831,92.4003,45.66,79,100,18.88
495,Yuxia,CN,2022-04-21 21:04:23,34.0615,108.6291,65.41,53,92,4.0
496,Bontang,ID,2022-04-21 21:04:23,0.1333,117.5,77.49,87,100,2.15
497,Anloga,GH,2022-04-21 21:04:24,5.7947,0.8973,80.62,76,100,7.65
498,Adeje,ES,2022-04-21 21:04:24,28.1227,-16.726,66.02,69,75,14.97
499,Noumea,NC,2022-04-21 21:04:24,-22.2763,166.4572,75.0,99,96,1.83
500,Emmett,US,2022-04-21 20:59:58,43.8735,-116.4993,58.78,55,100,7.9
501,Basco,PH,2022-04-21 21:04:25,20.4487,121.9702,81.95,81,43,15.37
502,Severnoye,RU,2022-04-21 21:04:25,56.3491,78.3619,23.88,93,100,21.56
503,Abu Kamal,SY,2022-04-21 21:04:25,34.4506,40.9171,68.97,20,1,8.23
504,Madingou,CG,2022-04-21 21:04:26,-4.1536,13.55,76.39,91,100,1.32
505,Guerrero Negro,MX,2022-04-21 21:00:32,27.9769,-114.0611,68.0,55,9,20.22
506,Jalu,LY,2022-04-21 21:05:26,29.0331,21.5482,73.26,18,89,11.63
507,Gaoual,GN,2022-04-21 21:05:26,11.75,-13.2,92.12,21,6,2.28
508,Porgera,PG,2022-04-21 21:05:27,-5.4667,143.2,44.4,98,97,0.98
509,Batouri,CM,2022-04-21 21:05:27,4.4333,14.3667,69.58,95,94,2.75
510,Arman,RU,2022-04-21 21:05:27,59.7,150.1667,22.5,82,35,4.38
511,Nianzishan,CN,2022-04-21 21:05:28,47.5167,122.8833,36.18,46,99,2.98
512,Mildura,AU,2022-04-21 21:05:28,-34.2,142.15,51.76,71,40,6.91
513,Kijang,KR,2022-04-21 21:05:28,35.2442,129.2139,53.49,84,2,8.63
514,Provost,CA,2022-04-21 21:05:28,52.3501,-110.2683,40.3,54,100,13.62
515,Taywarah,AF,2022-04-21 21:05:29,33.35,64.4167,46.44,37,2,2.13
516,Tautira,PF,2022-04-21 21:05:29,-17.7333,-149.15,78.4,81,89,18.1
517,Adre,TD,2022-04-21 21:05:29,13.4667,22.2,85.82,19,74,6.89
518,Mbandaka,CD,2022-04-21 21:05:30,0.0487,18.2603,72.01,96,77,1.34
519,Sabang,ID,2022-04-21 21:05:30,5.8933,95.3214,82.65,74,73,1.77
520,Namanyere,TZ,2022-04-21 21:05:30,-7.5167,31.05,61.48,95,100,4.12
521,Mundo Nuevo,MX,2022-04-21 21:05:31,18.7,-95.5,83.75,64,2,15.66
522,Baracoa,CU,2022-04-21 21:05:31,20.3467,-74.4958,78.17,83,55,11.5
523,Keetmanshoop,NA,2022-04-21 21:05:31,-26.5833,18.1333,71.53,34,0,12.24
524,Lima,PE,2022-04-21 21:03:28,-12.0432,-77.0282,71.38,79,0,11.5
525,Macas,EC,2022-04-21 21:05:32,-2.3167,-78.1167,76.75,78,40,5.75
526,Kurilsk,RU,2022-04-21 21:05:32,45.2333,147.8833,43.45,76,82,9.06
527,Pedreiras,BR,2022-04-21 21:05:32,-4.5688,-44.6003,76.86,94,59,2.08
528,Enumclaw,US,2022-04-21 21:02:20,47.2043,-121.9915,57.25,57,100,7.0
529,Kudahuvadhoo,MV,2022-04-21 21:05:33,2.6708,72.8944,83.79,73,87,10.71
530,Gornopravdinsk,RU,2022-04-21 21:02:19,60.05,69.9,13.73,92,61,8.21
531,Salinas,US,2022-04-21 21:04:35,36.6777,-121.6555,63.12,58,100,13.8
532,Verkhovazhye,RU,2022-04-21 21:05:33,60.7472,42.0465,29.23,97,17,2.68
533,Labuan,MY,2022-04-21 21:05:34,5.2767,115.2417,81.34,82,14,7.58
534,Srednyaya Akhtuba,RU,2022-04-21 21:05:34,48.7089,44.8667,51.46,39,88,4.52
535,Chiang Kham,TH,2022-04-21 21:05:34,19.5233,100.3,70.99,88,14,2.82
536,Steinbach,DE,2022-04-21 21:05:34,50.1667,8.5667,53.92,66,0,9.22
537,Frutal,BR,2022-04-21 21:02:20,-20.0247,-48.9406,76.5,44,7,6.49
538,Imeni Poliny Osipenko,RU,2022-04-21 21:05:35,52.4201,136.4853,28.27,90,100,9.35
539,Bongandanga,CD,2022-04-21 21:05:35,1.5,21.05,70.52,95,67,1.83
540,Pacifica,US,2022-04-21 21:04:30,37.6138,-122.4869,65.07,70,75,18.41
541,Tanout,NE,2022-04-21 21:05:36,14.9709,8.8879,88.29,21,100,8.14
542,Vila Franca Do Campo,PT,2022-04-21 21:05:36,37.7167,-25.4333,57.61,69,100,17.74
543,Saint-Pierre,RE,2022-04-21 21:05:36,-21.3393,55.4781,75.29,84,0,8.05
544,Visby,SE,2022-04-21 21:05:36,57.6409,18.296,41.22,81,0,12.66
545,Tabou,CI,2022-04-21 21:05:37,4.423,-7.3528,79.83,85,100,6.89
546,Tiarei,PF,2022-04-21 21:05:37,-17.5333,-149.3333,82.42,80,59,17.4
547,Isangel,VU,2022-04-21 21:05:37,-19.55,169.2667,80.71,78,20,2.3
548,Miles City,US,2022-04-21 21:05:33,46.4083,-105.8406,54.57,37,0,14.97
549,Orissaare,EE,2022-04-21 21:05:38,58.5592,23.0826,46.02,78,0,11.14
550,Sinnamary,GF,2022-04-21 21:06:38,5.3833,-52.95,77.68,86,100,4.59
551,Pontianak,ID,2022-04-21 21:06:38,-0.0333,109.3333,76.98,94,100,3.44
552,Zernograd,RU,2022-04-21 21:06:39,46.8452,40.3083,48.79,93,17,9.4
553,Puerto Carreno,CO,2022-04-21 21:06:39,6.189,-67.4859,79.12,82,100,4.65
554,Auki,SB,2022-04-21 21:06:39,-8.7676,160.7034,80.92,81,100,4.72
555,Pinotepa Nacional,MX,2022-04-21 21:06:40,16.3167,-98.0167,91.89,37,0,10.51
556,Puerto Baquerizo Moreno,EC,2022-04-21 21:03:10,-0.9,-89.6,73.11,88,35,11.72
557,Quthing,LS,2022-04-21 21:06:40,-30.4,27.7003,57.15,61,100,1.68
558,Oranjemund,NA,2022-04-21 21:06:40,-28.55,16.4333,57.56,96,48,5.48
559,Kalisz,PL,2022-04-21 21:06:41,51.7611,18.091,45.48,94,100,4.63
560,Ust-Kuyga,RU,2022-04-21 21:06:41,70.0167,135.6,10.26,96,98,1.81
561,Boddam,GB,2022-04-21 21:06:41,57.4667,-1.7833,44.44,81,12,13.18
562,Daru,PG,2022-04-21 21:06:42,-9.0763,143.2092,76.95,90,98,7.67
563,Leshukonskoye,RU,2022-04-21 21:06:42,64.8989,45.7622,25.93,91,82,4.03
564,Sasina,BA,2022-04-21 21:06:42,44.7987,16.739,48.18,96,100,2.24
